Company Name,Website,City,Segment,What They Make,Revenue Band,Decision Maker,E1 Producer,E2 Accessible,C3 Differentiated,C4 Decision Maker Quality,C5 Growing Sector,C6 Growth Signals,C7 Systems Maturity,C8 Leadership Succession,Federer Score,Band,Verdict,Personalization Hook,Source,
Azad Engineering,azad.in,Hyderabad,Precision Engineering,"Aerospace, defence & energy precision components",₹300–500Cr,Rakesh Chopdar,PASS – Own manufacturing facilities,PASS – Hyderabad operations,Strong (20),Strong (15),Strong (15),Strong (15),Strong (20),Moderate (8),93,A,Strong Federer,Opened dedicated manufacturing facility for Baker Hughes,Company website; LinkedIn; News,
Ananth Technologies,ananthtech.com,Hyderabad,Aerospace & Defence,Satellite systems and avionics,₹100–300Cr,Dr. Subba Rao Pavuluri,PASS,PASS,Strong (20),Strong (15),Strong (15),Strong (15),Strong (20),Strong (15),100,A,Textbook Federer,Private GSO satellite authorization,Company website; News,
Dhruva Space,dhruvaspace.com,Hyderabad,Space Technology,Satellite platforms,₹30–100Cr,Sanjay Nekkanti,PASS,PASS,Strong (20),Strong (15),Strong (15),Strong (15),Moderate (10),Moderate (8),83,A,Strong Fit,Indigenous satellite platform,Company website,
Skyroot Aerospace,skyroot.in,Hyderabad,Space Technology,Launch vehicles,Unknown,Pawan Chandana,PASS,PASS,Strong (20),Strong (15),Strong (15),Strong (15),Moderate (10),Moderate (8),83,A,Strong Fit,Vikram rocket tests,Company website,
Premier Medical Corporation,premiermedcorp.com,Hyderabad,Medical Devices,Orthopaedic implants,₹100–300Cr,Management team,PASS,PASS,Strong (20),Moderate (8),Strong (15),Moderate (8),Strong (20),Moderate (8),79,B,Good Fit,Exports medical devices globally,Company website,
Pennar Industries,pennar.com,Hyderabad,Precision Engineering,"Engineered steel products, railways, solar structures",₹300–500Cr,Aditya Rao,PASS – Own manufacturing plants,PASS – India operations,Moderate (10),Moderate (8),Strong (15),Moderate (8),Strong (20),Moderate (8),69,B,Probable Federer,Expanding engineering solutions portfolio,Company website; LinkedIn,
HBL Engineering,hbl.in,Hyderabad,Industrial Electronics,"Specialty batteries, railway electronics, defence electronics",>₹500Cr,Dr. A. J. Prasad,PASS – Manufacturing facilities,PASS – Hyderabad HQ,Strong (20),Strong (15),Strong (15),Strong (15),Strong (20),Moderate (8),93,A,Strong Federer,Strong railway signalling and defence focus,Company website; Annual report,
Neuland Laboratories,neulandlabs.com,Hyderabad,Specialty APIs,Complex APIs and peptide manufacturing,>₹500Cr,Dr. D. R. Rao,PASS – API manufacturing plants,PASS – India operations,Strong (20),Strong (15),Strong (15),Strong (15),Strong (20),Moderate (8),93,A,Strong Federer,Focus on complex chemistry and CDMO,Company website; Annual report,
Optimus Pharma,optimuspharma.com,Hyderabad,Specialty Pharma,APIs and finished dosage formulations,₹300–500Cr,Management Team,PASS – Own manufacturing,PASS – Hyderabad,Moderate (10),Moderate (8),Strong (15),Moderate (8),Strong (20),Moderate (8),69,B,Probable Federer,USFDA approved facilities,Company website,
Premier Medical Corporation,premiermedcorp.com,Hyderabad,Medical Devices,Orthopaedic implants and surgical products,₹100–300Cr,Management Team,PASS – Medical device manufacturing,PASS – India operations,Strong (20),Moderate (8),Strong (15),Moderate (8),Strong (20),Moderate (8),79,B,Good Fit,Exports to multiple international markets,Company website,
Virchow Biotech,virchowbiotech.com,Hyderabad,Biotech Manufacturing,Biologics and injectable products,₹300–500Cr,Management,PASS,PASS,Strong (20),Moderate (8),Strong (15),Moderate (8),Strong (20),Moderate (8),79,B,Good Fit,Biologics manufacturing expansion,Company website,
SMS Lifesciences,smslife.in,Hyderabad,Specialty Chemicals/APIs,Specialty APIs and intermediates,₹300–500Cr,Management,PASS,PASS,Strong (20),Moderate (8),Strong (15),Moderate (8),Strong (20),Moderate (8),79,B,Good Fit,Focus on niche APIs,Company website,
Sai Life Sciences,sailife.com,Hyderabad,Life Sciences,Drug discovery and manufacturing,₹300–500Cr,Management,PASS,PASS,Moderate (10),Moderate (8),Strong (15),Strong (15),Strong (20),Moderate (8),76,B,Probable Federer,Global pharma partnerships,Company website,
Virinchi Ltd,virinchi.com,Hyderabad,Healthcare Technology,Healthcare platforms and hospitals,₹100–300Cr,Management,PASS,PASS,Moderate (10),Moderate (8),Moderate (8),Moderate (8),Moderate (10),Moderate (8),52,C,Borderline,Digital healthcare initiatives,Company website,
Nava Limited,navalimited.com,Hyderabad,Industrial Manufacturing,Ferro alloys and power,₹300–500Cr,Management,PASS,PASS,Moderate (10),Moderate (8),Strong (15),Moderate (8),Strong (20),Moderate (8),69,B,Probable Federer,Industrial expansion,Company website,
Huwel Lifesciences,huwel.com,Hyderabad,Medical Diagnostics,IVD reagents and diagnostic products,₹30–100Cr,Management,PASS – Own diagnostic manufacturing,PASS – Hyderabad operations,Strong (20) – In-vitro diagnostics products,Moderate (8),Strong (15) – Diagnostics market growing,Moderate (8) – Product expansion,Moderate (10) – Manufacturing processes,Moderate (8),69,B,Probable Federer,Focus on indigenous diagnostic solutions,Company Website,
Biological E,biologicale.com,Hyderabad,Biopharmaceutical Manufacturing,Vaccines and biologics,>₹500Cr,Mahima Datla,PASS – Vaccine manufacturing facilities,PASS – Hyderabad HQ,Strong (20) – Global vaccine manufacturer,Strong (15) – Experienced leadership,Strong (15) – Vaccine demand growth,Strong (15) – Capacity expansion,Strong (20) – Mature manufacturing systems,Moderate (8),93,A,Strong Fit,Expanding global vaccine manufacturing,Company Website; Annual Report,
Aizant Drug Research Solutions,aizant.com,Hyderabad,Pharma Manufacturing,Drug development and manufacturing,₹100–300Cr,Management,PASS – Manufacturing facilities,PASS – India operations,Moderate (10) – Integrated CDMO,Moderate (8),Strong (15) – Pharma outsourcing growth,Moderate (8) – Facility expansion,Strong (20) – Regulated manufacturing,Moderate (8),69,B,Probable Federer,Integrated development and manufacturing,Company Website,
Molbio Diagnostics,molbiodiagnostics.com,Hyderabad,Diagnostics,Molecular diagnostic kits,Unknown,Management,PASS – Develops diagnostic kits,PASS – India operations,Strong (20) – Molecular diagnostics platform,Moderate (8),Strong (15) – Diagnostics sector growth,Strong (15) – Product launches,Strong (20) – Advanced manufacturing,Moderate (8),86,A,Strong Fit,Molecular diagnostics innovation,Company Website,
Granules India,granulesindia.com,Hyderabad,Pharmaceutical Manufacturing,APIs and finished formulations,>₹500Cr,Krishna Prasad Chigurupati,PASS – Manufacturing facilities,PASS – Hyderabad operations,Strong (20) – Vertically integrated pharma,Strong (15) – Founder-led company,Strong (15) – Global pharma demand,Strong (15) – Capacity expansion,Strong (20) – Mature quality systems,Moderate (8),93,A,Strong Fit,Global formulations and API manufacturing,Company Website; Annual Report,
Mold-Tek Technologies,moldtekgroup.com,Hyderabad,Engineering & Manufacturing,Injection molds and engineering products,₹100–300Cr,Management,PASS – Own manufacturing facilities,PASS – Hyderabad operations,Moderate (10) – Precision tooling,Moderate (8),Strong (15) – Industrial manufacturing growth,Moderate (8) – Capacity expansion,Strong (20) – Structured manufacturing,Moderate (8),69,B,Probable Federer,Known for precision mold manufacturing,Company Website,
VEM Technologies,vemtechnologies.com,Hyderabad,Aerospace & Defence,"Defence systems, missile structures and aerospace components",₹100–300Cr,V. Nagaraja Rao,PASS – Defence manufacturing,PASS – Hyderabad HQ,Strong (20) – Indigenous defence products,Strong (15) – Founder-led defence company,Strong (15) – Defence sector growth,Strong (15) – New defence projects,Strong (20) – Aerospace quality systems,Moderate (8),93,A,Strong Fit,Works with DRDO and defence programs,Company Website,
Hyderabad Industries Limited,hil.in,Hyderabad,Building Materials,"Fibre cement boards, pipes and construction materials",>₹500Cr,Management,PASS – Manufacturing plants,PASS – Hyderabad HQ,Moderate (10),Moderate (8),Strong (15) – Infrastructure growth,Moderate (8),Strong (20) – Mature manufacturing,Moderate (8),69,B,Probable Federer,Expanding sustainable building products,Company Website,
ECIL (Electronics Corporation of India Limited),ecil.co.in,Hyderabad,Electronics Manufacturing,"Strategic electronics, nuclear and defence systems",>₹500Cr,Management,PASS – Electronics manufacturing,PASS – Hyderabad HQ,Strong (20) – Strategic electronics,Strong (15),Strong (15) – Government technology initiatives,Moderate (8),Strong (20) – Mature engineering systems,Strong (15),93,A,Strong Fit,Key supplier for strategic electronics,Company Website,
Zen Technologies,zentechnologies.com,Hyderabad,Defence Technology,Military training simulators and anti-drone systems,₹300–500Cr,Ashok Atluri,PASS – Develops own defence products,PASS – Hyderabad operations,Strong (20) – Proprietary defence technology,Strong (15) – Founder-led innovation,Strong (15) – Defence modernization,Strong (15) – Export growth and new orders,Strong (20) – Advanced engineering systems,Moderate (8),93,A,Strong Fit,Growing defence export business,Company Website; Annual Report,
